{
    "bundle_size_vec": [
        2,
        3,
        4,
        5,
        6,
        7,
        8,
        9,
        10
    ],
    "profit_vec": [
        20806.34940894459,
        20841.025310408986,
        20881.166538898593,
        20909.823712043377,
        20949.59818968566,
        20984.18693307193,
        21014.724429381975,
        21081.167633746554,
        21130.732111661844
    ],
    "running_time_vec": [
        6.59999680519104,
        9.05600094795227,
        11.210806369781494,
        15.045073747634888,
        20.626646280288696,
        19.815603971481323,
        28.55282425880432,
        24.806519508361816,
        28.058307886123657
    ]
}